PRODUCT SYMBOL,CONTRACT MONTH,CONTRACT YEAR,CONTRACT DAY,CONTRACT,PRODUCT DESCRIPTION,OPEN,HIGH,HIGH AB INDICATOR,LOW,LOW AB INDICATOR,LAST,LAST AB INDICATOR,SETTLE,PT CHG,EST. VOL,PRIOR SETTLE,PRIOR VOL,PRIOR INT,TRADEDATE
0GC,04,2021,,0GCJ21,Test Gold,1792.1,1792.1,,1792.1,,1792.1,,,0,11,,,,11/30/2020
4GC,12,2020,,4GCZ20,Gold Enhanced Delivery Futures,,,,,,1784.6,B,1775.9,-6.2,0,1782.1,,,11/30/2020
4GC,01,2021,,4GCF21,Gold Enhanced Delivery Futures,,,,,,,,1779.1,-6.2,0,1785.3,,,11/30/2020
4GC,02,2021,,4GCG21,Gold Enhanced Delivery Futures,,,,,,1790.5,B,1780.9,-6.4,0,1787.3,,10,11/30/2020
4GC,04,2021,,4GCJ21,Gold Enhanced Delivery Futures,,,,,,,,1781.6,-6.4,0,1788.0,,,11/30/2020
4GC,06,2021,,4GCM21,Gold Enhanced Delivery Futures,,,,,,,,1778.5,-6.4,0,1784.9,,,11/30/2020
4GC,08,2021,,4GCQ21,Gold Enhanced Delivery Futures,,,,,,,,1774.7,-6.4,0,1781.1,,,11/30/2020
4GC,10,2021,,4GCV21,Gold Enhanced Delivery Futures,,,,,,,,1770.4,-6.4,0,1776.8,,,11/30/2020
4GC,12,2021,,4GCZ21,Gold Enhanced Delivery Futures,,,,,,,,1765.9,-6.4,0,1772.3,,,11/30/2020
4GC,02,2022,,4GCG22,Gold Enhanced Delivery Futures,,,,,,,,1763.0,-6.4,0,1769.4,,,11/30/2020
4GC,06,2022,,4GCM22,Gold Enhanced Delivery Futures,,,,,,,,1751.7,-6.4,0,1758.1,,,11/30/2020
4GC,08,2022,,4GCQ22,Gold Enhanced Delivery Futures,,,,,,,,1749.7,-6.4,0,1756.1,,,11/30/2020
4GC,10,2022,,4GCV22,Gold Enhanced Delivery Futures,,,,,,,,1744.6,-6.4,0,1751.0,,,11/30/2020
4GC,12,2022,,4GCZ22,Gold Enhanced Delivery Futures,,,,,,,,1739.5,-6.4,0,1745.9,,,11/30/2020
4GC,06,2023,,4GCM23,Gold Enhanced Delivery Futures,,,,,,,,1727.4,-6.4,0,1733.8,,,11/30/2020
4GC,12,2023,,4GCZ23,Gold Enhanced Delivery Futures,,,,,,,,1715.1,-6.4,0,1721.5,,,11/30/2020
4GC,06,2024,,4GCM24,Gold Enhanced Delivery Futures,,,,,,,,1703.0,-6.4,0,1709.4,,,11/30/2020
4GC,12,2024,,4GCZ24,Gold Enhanced Delivery Futures,,,,,,,,1691.0,-6.4,0,1697.4,,,11/30/2020
4GC,06,2025,,4GCM25,Gold Enhanced Delivery Futures,,,,,,,,1679.0,-6.4,0,1685.4,,,11/30/2020
4GC,12,2025,,4GCZ25,Gold Enhanced Delivery Futures,,,,,,,,1667.0,-6.4,0,1673.4,,,11/30/2020
4GC,06,2026,,4GCM26,Gold Enhanced Delivery Futures,,,,,,,,1655.0,-6.4,0,1661.4,,,11/30/2020
AEP,11,2020,,AEPX20,Aluminium European Premium Metal Bulletin (25mt-du,,,,,,,,98.10,+.12,0,97.98,,1217,11/30/2020
AEP,12,2020,,AEPZ20,Aluminium European Premium Metal Bulletin (25mt-du,,,,,,,,106.09,UNCH,0,106.09,,1316,11/30/2020
AEP,01,2021,,AEPF21,Aluminium European Premium Metal Bulletin (25mt-du,,,,,,,,105.00,UNCH,0,105.00,,959,11/30/2020
AEP,02,2021,,AEPG21,Aluminium European Premium Metal Bulletin (25mt-du,,,,,,,,105.00,UNCH,0,105.00,,1007,11/30/2020
AEP,03,2021,,AEPH21,Aluminium European Premium Metal Bulletin (25mt-du,,,,,,,,105.00,UNCH,0,105.00,,996,11/30/2020
AEP,04,2021,,AEPJ21,Aluminium European Premium Metal Bulletin (25mt-du,,,,,,,,105.00,UNCH,0,105.00,,941,11/30/2020
AEP,05,2021,,AEPK21,Aluminium European Premium Metal Bulletin (25mt-du,,,,,,,,105.00,UNCH,0,105.00,,856,11/30/2020
AEP,06,2021,,AEPM21,Aluminium European Premium Metal Bulletin (25mt-du,,,,,,,,105.00,UNCH,0,105.00,,760,11/30/2020
AEP,07,2021,,AEPN21,Aluminium European Premium Metal Bulletin (25mt-du,,,,,,,,105.00,UNCH,0,105.00,,639,11/30/2020
AEP,08,2021,,AEPQ21,Aluminium European Premium Metal Bulletin (25mt-du,,,,,,,,105.00,UNCH,0,105.00,,571,11/30/2020
AEP,09,2021,,AEPU21,Aluminium European Premium Metal Bulletin (25mt-du,,,,,,,,105.00,UNCH,0,105.00,,553,11/30/2020
AEP,10,2021,,AEPV21,Aluminium European Premium Metal Bulletin (25mt-du,,,,,,,,105.00,UNCH,0,105.00,,597,11/30/2020
AEP,11,2021,,AEPX21,Aluminium European Premium Metal Bulletin (25mt-du,,,,,,,,105.00,UNCH,0,105.00,,546,11/30/2020
AEP,12,2021,,AEPZ21,Aluminium European Premium Metal Bulletin (25mt-du,,,,,,,,105.00,UNCH,0,105.00,,510,11/30/2020
AEP,01,2022,,AEPF22,Aluminium European Premium Metal Bulletin (25mt-du,,,,,,,,,UNCH,0,103.00,,,11/30/2020
AEP,02,2022,,AEPG22,Aluminium European Premium Metal Bulletin (25mt-du,,,,,,,,,UNCH,0,103.00,,,11/30/2020
AEP,03,2022,,AEPH22,Aluminium European Premium Metal Bulletin (25mt-du,,,,,,,,,UNCH,0,103.00,,,11/30/2020
AEP,04,2022,,AEPJ22,Aluminium European Premium Metal Bulletin (25mt-du,,,,,,,,,UNCH,0,103.00,,,11/30/2020
AEP,05,2022,,AEPK22,Aluminium European Premium Metal Bulletin (25mt-du,,,,,,,,,UNCH,0,103.00,,,11/30/2020
AEP,06,2022,,AEPM22,Aluminium European Premium Metal Bulletin (25mt-du,,,,,,,,,UNCH,0,103.00,,,11/30/2020
AEP,07,2022,,AEPN22,Aluminium European Premium Metal Bulletin (25mt-du,,,,,,,,,UNCH,0,103.00,,,11/30/2020
AEP,08,2022,,AEPQ22,Aluminium European Premium Metal Bulletin (25mt-du,,,,,,,,,UNCH,0,103.00,,,11/30/2020
AEP,09,2022,,AEPU22,Aluminium European Premium Metal Bulletin (25mt-du,,,,,,,,,UNCH,0,103.00,,,11/30/2020
ALA,11,2020,,ALAX20,Alumina Fob Australia (platts) Futures,,,,,,,,278.00,UNCH,0,278.00,,113,11/30/2020
ALA,12,2020,,ALAZ20,Alumina Fob Australia (platts) Futures,,,,,,,,295.00,UNCH,0,295.00,,140,11/30/2020
ALA,01,2021,,ALAF21,Alumina Fob Australia (platts) Futures,,,,,,,,305.00,UNCH,0,305.00,,120,11/30/2020
ALA,02,2021,,ALAG21,Alumina Fob Australia (platts) Futures,,,,,,,,305.00,UNCH,0,305.00,,120,11/30/2020
ALA,03,2021,,ALAH21,Alumina Fob Australia (platts) Futures,,,,,,,,303.57,UNCH,0,303.57,,70,11/30/2020
ALA,04,2021,,ALAJ21,Alumina Fob Australia (platts) Futures,,,,,,,,303.00,UNCH,0,303.00,,50,11/30/2020
ALA,05,2021,,ALAK21,Alumina Fob Australia (platts) Futures,,,,,,,,303.00,UNCH,0,303.00,,50,11/30/2020
ALA,06,2021,,ALAM21,Alumina Fob Australia (platts) Futures,,,,,,,,320.00,UNCH,0,320.00,,50,11/30/2020
ALA,07,2021,,ALAN21,Alumina Fob Australia (platts) Futures,,,,,,,,320.00,UNCH,0,320.00,,50,11/30/2020
ALA,08,2021,,ALAQ21,Alumina Fob Australia (platts) Futures,,,,,,,,320.00,UNCH,0,320.00,,50,11/30/2020
ALA,09,2021,,ALAU21,Alumina Fob Australia (platts) Futures,,,,,,,,320.00,UNCH,0,320.00,,50,11/30/2020
ALI,12,2020,,ALIZ20,Physical Aluminum Futures,,,,,,,,2029.75,+52.00,0,1977.75,,14,11/30/2020
ALI,01,2021,,ALIF21,Physical Aluminum Futures,2028.75,2028.75,,2028.50,A,2027.00,A,2035.25,+54.25,5,1981.00,,51,11/30/2020
ALI,02,2021,,ALIG21,Physical Aluminum Futures,2032.75,2043.00,B,2032.75,,2030.00,A,2039.50,+52.00,5,1987.50,,88,11/30/2020
ALI,03,2021,,ALIH21,Physical Aluminum Futures,,2045.50,B,,,2045.50,B,2042.00,+54.25,0,1987.75,,24,11/30/2020
ALI,04,2021,,ALIJ21,Physical Aluminum Futures,,,,,,,,2043.75,+54.25,0,1989.50,,,11/30/2020
ALI,05,2021,,ALIK21,Physical Aluminum Futures,,,,,,,,2043.75,+54.25,0,1989.50,,,11/30/2020
ALI,06,2021,,ALIM21,Physical Aluminum Futures,,,,,,,,2058.75,+54.25,0,2004.50,,,11/30/2020
ALI,07,2021,,ALIN21,Physical Aluminum Futures,,,,,,,,2058.75,+54.25,0,2004.50,,,11/30/2020
ALI,08,2021,,ALIQ21,Physical Aluminum Futures,,,,,,,,2058.75,+54.25,0,2004.50,,,11/30/2020
ALI,09,2021,,ALIU21,Physical Aluminum Futures,,,,,,,,2058.75,+54.25,0,2004.50,,,11/30/2020
ALI,10,2021,,ALIV21,Physical Aluminum Futures,,,,,,,,2058.75,+54.25,0,2004.50,,,11/30/2020
ALI,11,2021,,ALIX21,Physical Aluminum Futures,,,,,,,,2058.75,+54.25,0,2004.50,,,11/30/2020
ALI,12,2021,,ALIZ21,Physical Aluminum Futures,,,,,,,,2058.75,+54.25,0,2004.50,,,11/30/2020
AUP,11,2020,,AUPX20,Aluminum Mw U.s. Transaction Premium Platts (25mt),,,,,,,,.12988,+.00002,0,.12986,,3257,11/30/2020
AUP,12,2020,,AUPZ20,Aluminum Mw U.s. Transaction Premium Platts (25mt),.13000,.13000,,.13000,,.13000,,.13000,+.00154,15,.12846,,3716,11/30/2020
AUP,01,2021,,AUPF21,Aluminum Mw U.s. Transaction Premium Platts (25mt),,,,,,,,.12842,UNCH,0,.12842,,2796,11/30/2020
AUP,02,2021,,AUPG21,Aluminum Mw U.s. Transaction Premium Platts (25mt),,,,,,,,.12858,UNCH,0,.12858,,2244,11/30/2020
AUP,03,2021,,AUPH21,Aluminum Mw U.s. Transaction Premium Platts (25mt),,,,,,,,.12500,UNCH,0,.12500,,2537,11/30/2020
AUP,04,2021,,AUPJ21,Aluminum Mw U.s. Transaction Premium Platts (25mt),,,,,,,,.12500,UNCH,0,.12500,,2056,11/30/2020
AUP,05,2021,,AUPK21,Aluminum Mw U.s. Transaction Premium Platts (25mt),,,,,,,,.12500,UNCH,0,.12500,,2158,11/30/2020
AUP,06,2021,,AUPM21,Aluminum Mw U.s. Transaction Premium Platts (25mt),,,,,,,,.12500,UNCH,0,.12500,,2353,11/30/2020
AUP,07,2021,,AUPN21,Aluminum Mw U.s. Transaction Premium Platts (25mt),,,,,,,,.12448,UNCH,0,.12448,,1811,11/30/2020
AUP,08,2021,,AUPQ21,Aluminum Mw U.s. Transaction Premium Platts (25mt),,,,,,,,.12448,UNCH,0,.12448,,1842,11/30/2020
AUP,09,2021,,AUPU21,Aluminum Mw U.s. Transaction Premium Platts (25mt),,,,,,,,.12448,UNCH,0,.12448,,1685,11/30/2020
AUP,10,2021,,AUPV21,Aluminum Mw U.s. Transaction Premium Platts (25mt),,,,,,,,.12448,UNCH,0,.12448,,1612,11/30/2020
AUP,11,2021,,AUPX21,Aluminum Mw U.s. Transaction Premium Platts (25mt),,,,,,,,.12448,UNCH,0,.12448,,1454,11/30/2020
AUP,12,2021,,AUPZ21,Aluminum Mw U.s. Transaction Premium Platts (25mt),,,,,,,,.12500,UNCH,0,.12500,,1357,11/30/2020
AUP,01,2022,,AUPF22,Aluminum Mw U.s. Transaction Premium Platts (25mt),,,,,,,,.12475,UNCH,0,.12475,,332,11/30/2020
AUP,02,2022,,AUPG22,Aluminum Mw U.s. Transaction Premium Platts (25mt),,,,,,,,.12475,UNCH,0,.12475,,332,11/30/2020
AUP,03,2022,,AUPH22,Aluminum Mw U.s. Transaction Premium Platts (25mt),,,,,,,,.12475,UNCH,0,.12475,,332,11/30/2020
AUP,04,2022,,AUPJ22,Aluminum Mw U.s. Transaction Premium Platts (25mt),,,,,,,,.12475,UNCH,0,.12475,,327,11/30/2020
AUP,05,2022,,AUPK22,Aluminum Mw U.s. Transaction Premium Platts (25mt),,,,,,,,.12475,UNCH,0,.12475,,307,11/30/2020
AUP,06,2022,,AUPM22,Aluminum Mw U.s. Transaction Premium Platts (25mt),,,,,,,,.12475,UNCH,0,.12475,,307,11/30/2020
AUP,07,2022,,AUPN22,Aluminum Mw U.s. Transaction Premium Platts (25mt),,,,,,,,.12475,UNCH,0,.12475,,217,11/30/2020
AUP,08,2022,,AUPQ22,Aluminum Mw U.s. Transaction Premium Platts (25mt),,,,,,,,.12475,UNCH,0,.12475,,177,11/30/2020
AUP,09,2022,,AUPU22,Aluminum Mw U.s. Transaction Premium Platts (25mt),,,,,,,,.12475,UNCH,0,.12475,,167,11/30/2020
AUP,10,2022,,AUPV22,Aluminum Mw U.s. Transaction Premium Platts (25mt),,,,,,,,.12475,UNCH,0,.12475,,167,11/30/2020
AUP,11,2022,,AUPX22,Aluminum Mw U.s. Transaction Premium Platts (25mt),,,,,,,,.12475,UNCH,0,.12475,,167,11/30/2020
AUP,12,2022,,AUPZ22,Aluminum Mw U.s. Transaction Premium Platts (25mt),,,,,,,,.12475,UNCH,0,.12475,,167,11/30/2020
BUS,12,2020,,BUSZ20,U.s. Midwest #1 Busheling Ferrous Scrap (amm) Futu,,,,,,,,355.00,UNCH,0,355.00,2,568,11/30/2020
BUS,01,2021,,BUSF21,U.s. Midwest #1 Busheling Ferrous Scrap (amm) Futu,407.00,410.00,,404.00,A,405.00,,405.00,-1.00,42,406.00,21,997,11/30/2020
BUS,02,2021,,BUSG21,U.s. Midwest #1 Busheling Ferrous Scrap (amm) Futu,399.00,400.00,,391.00,,398.00,A,398.00,+4.00,63,394.00,1,644,11/30/2020
BUS,03,2021,,BUSH21,U.s. Midwest #1 Busheling Ferrous Scrap (amm) Futu,378.00,383.00,,377.00,,383.00,,383.00,-3.00,40,386.00,13,577,11/30/2020
BUS,04,2021,,BUSJ21,U.s. Midwest #1 Busheling Ferrous Scrap (amm) Futu,376.00,378.00,,375.00,,378.00,,378.00,-4.00,20,382.00,4,249,11/30/2020
BUS,05,2021,,BUSK21,U.s. Midwest #1 Busheling Ferrous Scrap (amm) Futu,372.00,376.00,,372.00,,376.00,,376.00,-2.00,11,378.00,,228,11/30/2020
BUS,06,2021,,BUSM21,U.s. Midwest #1 Busheling Ferrous Scrap (amm) Futu,371.00,372.00,,371.00,,372.00,,372.00,-6.00,7,378.00,,203,11/30/2020
BUS,07,2021,,BUSN21,U.s. Midwest #1 Busheling Ferrous Scrap (amm) Futu,,,,365.00,A,365.00,A,365.00,-8.00,0,373.00,,67,11/30/2020
BUS,08,2021,,BUSQ21,U.s. Midwest #1 Busheling Ferrous Scrap (amm) Futu,,,,,,,,371.00,UNCH,0,371.00,,65,11/30/2020
BUS,09,2021,,BUSU21,U.s. Midwest #1 Busheling Ferrous Scrap (amm) Futu,,,,,,,,368.00,UNCH,0,368.00,,65,11/30/2020
BUS,10,2021,,BUSV21,U.s. Midwest #1 Busheling Ferrous Scrap (amm) Futu,,,,,,,,365.00,UNCH,0,365.00,,21,11/30/2020
BUS,11,2021,,BUSX21,U.s. Midwest #1 Busheling Ferrous Scrap (amm) Futu,,,,,,,,365.00,UNCH,0,365.00,,23,11/30/2020
BUS,12,2021,,BUSZ21,U.s. Midwest #1 Busheling Ferrous Scrap (amm) Futu,,,,,,,,365.00,UNCH,0,365.00,,22,11/30/2020
EDP,11,2020,,EDPX20,Aluminium European Premium Duty-paid (metal Bullet,,,,,,,,130.31,UNCH,0,130.31,,1166,11/30/2020
EDP,12,2020,,EDPZ20,Aluminium European Premium Duty-paid (metal Bullet,,,,,,,,137.50,UNCH,0,137.50,,1215,11/30/2020
EDP,01,2021,,EDPF21,Aluminium European Premium Duty-paid (metal Bullet,,,,,,,,145.00,UNCH,0,145.00,,771,11/30/2020
EDP,02,2021,,EDPG21,Aluminium European Premium Duty-paid (metal Bullet,,,,,,,,145.00,UNCH,0,145.00,,747,11/30/2020
EDP,03,2021,,EDPH21,Aluminium European Premium Duty-paid (metal Bullet,,,,,,,,145.00,UNCH,0,145.00,,752,11/30/2020
EDP,04,2021,,EDPJ21,Aluminium European Premium Duty-paid (metal Bullet,,,,,,,,137.00,UNCH,0,137.00,,709,11/30/2020
EDP,05,2021,,EDPK21,Aluminium European Premium Duty-paid (metal Bullet,,,,,,,,137.00,UNCH,0,137.00,,695,11/30/2020
EDP,06,2021,,EDPM21,Aluminium European Premium Duty-paid (metal Bullet,,,,,,,,137.00,UNCH,0,137.00,,694,11/30/2020
EDP,07,2021,,EDPN21,Aluminium European Premium Duty-paid (metal Bullet,,,,,,,,137.00,UNCH,0,137.00,,649,11/30/2020
EDP,08,2021,,EDPQ21,Aluminium European Premium Duty-paid (metal Bullet,,,,,,,,137.00,UNCH,0,137.00,,647,11/30/2020
EDP,09,2021,,EDPU21,Aluminium European Premium Duty-paid (metal Bullet,,,,,,,,137.00,UNCH,0,137.00,,648,11/30/2020
EDP,10,2021,,EDPV21,Aluminium European Premium Duty-paid (metal Bullet,,,,,,,,144.00,UNCH,0,144.00,,603,11/30/2020
EDP,11,2021,,EDPX21,Aluminium European Premium Duty-paid (metal Bullet,,,,,,,,144.00,UNCH,0,144.00,,641,11/30/2020
EDP,12,2021,,EDPZ21,Aluminium European Premium Duty-paid (metal Bullet,,,,,,,,144.00,UNCH,0,144.00,,630,11/30/2020
EDP,01,2022,,EDPF22,Aluminium European Premium Duty-paid (metal Bullet,,,,,,,,154.00,UNCH,0,154.00,,94,11/30/2020
EDP,02,2022,,EDPG22,Aluminium European Premium Duty-paid (metal Bullet,,,,,,,,154.00,UNCH,0,154.00,,94,11/30/2020
EDP,03,2022,,EDPH22,Aluminium European Premium Duty-paid (metal Bullet,,,,,,,,154.00,UNCH,0,154.00,,94,11/30/2020
EDP,04,2022,,EDPJ22,Aluminium European Premium Duty-paid (metal Bullet,,,,,,,,154.00,UNCH,0,154.00,,85,11/30/2020
EDP,05,2022,,EDPK22,Aluminium European Premium Duty-paid (metal Bullet,,,,,,,,154.00,UNCH,0,154.00,,99,11/30/2020
EDP,06,2022,,EDPM22,Aluminium European Premium Duty-paid (metal Bullet,,,,,,,,154.00,UNCH,0,154.00,,99,11/30/2020
EDP,07,2022,,EDPN22,Aluminium European Premium Duty-paid (metal Bullet,,,,,,,,154.00,UNCH,0,154.00,,99,11/30/2020
EDP,08,2022,,EDPQ22,Aluminium European Premium Duty-paid (metal Bullet,,,,,,,,154.00,UNCH,0,154.00,,99,11/30/2020
EDP,09,2022,,EDPU22,Aluminium European Premium Duty-paid (metal Bullet,,,,,,,,154.00,UNCH,0,154.00,,99,11/30/2020
EDP,10,2022,,EDPV22,Aluminium European Premium Duty-paid (metal Bullet,,,,,,,,154.00,UNCH,0,154.00,,99,11/30/2020
EDP,11,2022,,EDPX22,Aluminium European Premium Duty-paid (metal Bullet,,,,,,,,157.00,UNCH,0,157.00,,105,11/30/2020
EDP,12,2022,,EDPZ22,Aluminium European Premium Duty-paid (metal Bullet,,,,,,,,157.00,UNCH,0,157.00,,105,11/30/2020
EHR,11,2020,,EHRX20,North European Hot-rolled Coil Steel (argus) Futur,,,,,,,,528.00,+4.00,0,524.00,,163,11/30/2020
EHR,12,2020,,EHRZ20,North European Hot-rolled Coil Steel (argus) Futur,586.00,586.00,,585.00,,585.00,,578.00,-12.00,5,590.00,47,184,11/30/2020
EHR,01,2021,,EHRF21,North European Hot-rolled Coil Steel (argus) Futur,566.00,567.00,,566.00,,567.00,,570.00,-2.00,5,572.00,27,94,11/30/2020
EHR,02,2021,,EHRG21,North European Hot-rolled Coil Steel (argus) Futur,568.00,568.00,,560.00,,560.00,,562.00,-10.00,15,572.00,233,255,11/30/2020
EHR,03,2021,,EHRH21,North European Hot-rolled Coil Steel (argus) Futur,,,,,,,,556.00,+1.00,0,555.00,5,70,11/30/2020
EHR,04,2021,,EHRJ21,North European Hot-rolled Coil Steel (argus) Futur,556.00,556.00,,549.00,,549.00,,549.00,-1.00,6,550.00,11,46,11/30/2020
EHR,05,2021,,EHRK21,North European Hot-rolled Coil Steel (argus) Futur,547.00,547.00,,546.00,,546.00,,547.00,-3.00,5,550.00,5,22,11/30/2020
EHR,06,2021,,EHRM21,North European Hot-rolled Coil Steel (argus) Futur,,,,,,,,545.00,-5.00,0,550.00,1,9,11/30/2020
EHR,07,2021,,EHRN21,North European Hot-rolled Coil Steel (argus) Futur,,,,,,,,545.00,UNCH,0,545.00,1,1,11/30/2020
EHR,08,2021,,EHRQ21,North European Hot-rolled Coil Steel (argus) Futur,,,,,,,,520.00,UNCH,0,520.00,,29,11/30/2020
EHR,09,2021,,EHRU21,North European Hot-rolled Coil Steel (argus) Futur,,,,,,,,530.00,UNCH,0,530.00,,25,11/30/2020
EHR,10,2021,,EHRV21,North European Hot-rolled Coil Steel (argus) Futur,,,,,,,,525.00,UNCH,0,525.00,,3,11/30/2020
GC,12,2020,,GCZ20,Gold Futures,1785.0,1787.2,,1762.3,,1774.7,A,1775.7,-6.2,2904,1781.9,71804,31681,11/30/2020
GC,01,2021,,GCF21,Gold Futures,1787.4,1789.9,,1764.9,,1777.0,A,1778.0,-6.8,1610,1784.8,6580,2579,11/30/2020
GC,02,2021,,GCG21,Gold Futures,1790.8,1793.3,,1767.2,,1780.0,B,1780.9,-7.2,237075,1788.1,282346,393284,11/30/2020
GC,04,2021,,GCJ21,Gold Futures,1795.0,1797.0,,1771.3,,1784.6,B,1784.8,-7.3,3488,1792.1,7719,65712,11/30/2020
GC,06,2021,,GCM21,Gold Futures,1800.0,1800.0,,1774.2,,1785.5,A,1787.6,-7.4,1579,1795.0,2695,30486,11/30/2020
GC,08,2021,,GCQ21,Gold Futures,1798.8,1800.6,B,1776.6,,1789.9,B,1790.2,-7.3,832,1797.5,553,7367,11/30/2020
GC,10,2021,,GCV21,Gold Futures,,,,,,1804.4,B,1792.3,-7.5,40,1799.8,172,4132,11/30/2020
GC,12,2021,,GCZ21,Gold Futures,1804.3,1805.1,,1783.2,,1794.3,B,1794.7,-7.6,338,1802.3,482,9453,11/30/2020
GC,02,2022,,GCG22,Gold Futures,1795.1,1795.1,,1788.0,,1784.6,A,1797.2,-7.6,39,1804.8,30,550,11/30/2020
GC,04,2022,,GCJ22,Gold Futures,1790.0,1800.0,B,1790.0,,1805.3,B,1800.1,-7.6,2,1807.7,,9,11/30/2020
GC,06,2022,,GCM22,Gold Futures,1791.4,1791.4,,1791.4,,1802.8,B,1805.7,-7.6,1,1813.3,,98,11/30/2020
GC,08,2022,,GCQ22,Gold Futures,,,,,,1805.8,A,1807.2,-7.6,0,1814.8,3,4,11/30/2020
GC,10,2022,,GCV22,Gold Futures,,,,,,1812.4,A,1810.9,-7.6,0,1818.5,,,11/30/2020
GC,12,2022,,GCZ22,Gold Futures,,,,,,1811.4,A,1814.6,-7.6,0,1822.2,,59,11/30/2020
GC,06,2023,,GCM23,Gold Futures,,,,,,1828.4,A,1824.0,-7.6,0,1831.6,,8,11/30/2020
GC,12,2023,,GCZ23,Gold Futures,,,,,,,,1833.3,-7.6,0,1840.9,,6,11/30/2020
GC,06,2024,,GCM24,Gold Futures,,,,,,1850.0,A,1842.8,-7.6,0,1850.4,,2,11/30/2020
GC,12,2024,,GCZ24,Gold Futures,,,,,,,,1851.9,-7.6,0,1859.5,,9,11/30/2020
GC,06,2025,,GCM25,Gold Futures,,,,,,,,1860.7,-7.6,0,1868.3,,,11/30/2020
GC,12,2025,,GCZ25,Gold Futures,,,,,,,,1869.8,-7.6,0,1877.4,,2,11/30/2020
GC,06,2026,,GCM26,Gold Futures,,,,,,,,1878.8,-7.6,0,1886.4,,,11/30/2020
GC7,02,2021,,GC7G21,Gold London Gcd Mrkr,,,,,,,,1779.0,-3.0,0,1782.0,,,11/30/2020
GCK,12,2020,,GCKZ20,Kilo Gold Futures,,,,,,,,1355.6,UNCH,0,1355.6,,,11/30/2020
GCK,01,2021,,GCKF21,Kilo Gold Futures,,,,,,,,1358.0,UNCH,0,1358.0,,,11/30/2020
GCK,02,2021,,GCKG21,Kilo Gold Futures,,,,,,,,1360.4,UNCH,0,1360.4,,,11/30/2020
GCK,04,2021,,GCKJ21,Kilo Gold Futures,,,,,,,,1365.2,UNCH,0,1365.2,,,11/30/2020
GCK,06,2021,,GCKM21,Kilo Gold Futures,,,,,,,,1370.0,UNCH,0,1370.0,,,11/30/2020
GCK,08,2021,,GCKQ21,Kilo Gold Futures,,,,,,,,1376.8,UNCH,0,1376.8,,,11/30/2020
GCK,10,2021,,GCKV21,Kilo Gold Futures,,,,,,,,1379.4,UNCH,0,1379.4,,,11/30/2020
GCK,12,2021,,GCKZ21,Kilo Gold Futures,,,,,,,,1382.0,0,0,,,,11/30/2020
GCT,02,2021,,GCTG21,Gold Tas Futures,.0,.3,B,-.1,,.3,B,.0,UNCH,1790,.0,,,11/30/2020
GCT,04,2021,,GCTJ21,Gold Tas Futures,.0,.0,,.0,,.0,,.0,UNCH,34,.0,,,11/30/2020
GCT,06,2021,,GCTM21,Gold Tas Futures,,,,,,,,.0,UNCH,0,.0,,,11/30/2020
GCT,08,2021,,GCTQ21,Gold Tas Futures,,,,,,,,.0,UNCH,0,.0,,,11/30/2020
GCT,12,2021,,GCTZ21,Gold Tas Futures,,,,,,,,.0,UNCH,0,.0,,,11/30/2020
GSP,12,2020,02,GSPZ20 D02,Dec 20 London Spot Gold,,,,,,,,1778.20,-29.80,0,1808.00,,,11/30/2020
GSP,12,2020,03,GSPZ20 D03,Dec 20 London Spot Gold,,,,,,,,1778.20,-29.80,0,1808.00,,,11/30/2020
GSP,12,2020,04,GSPZ20 D04,Dec 20 London Spot Gold,,,,,,,,1778.20,-29.80,0,1808.00,,,11/30/2020
GSP,12,2020,07,GSPZ20 D07,Dec 20 London Spot Gold,,,,,,,,1778.20,-29.80,0,1808.00,,,11/30/2020
GSP,12,2020,08,GSPZ20 D08,Dec 20 London Spot Gold,,,,,,,,1778.20,-29.80,0,1808.00,,,11/30/2020
GSP,12,2020,09,GSPZ20 D09,Dec 20 London Spot Gold,,,,,,,,1778.20,-29.80,0,1808.00,,,11/30/2020
GSP,12,2020,10,GSPZ20 D10,Dec 20 London Spot Gold,,,,,,,,1778.20,-29.80,0,1808.00,,,11/30/2020
GSP,12,2020,11,GSPZ20 D11,Dec 20 London Spot Gold,,,,,,,,1778.20,-29.80,0,1808.00,,,11/30/2020
GSP,12,2020,14,GSPZ20 D14,Dec 20 London Spot Gold,,,,,,,,1778.20,-29.80,0,1808.00,,,11/30/2020
GSP,12,2020,15,GSPZ20 D15,Dec 20 London Spot Gold,,,,,,,,1778.20,0,0,,,,11/30/2020
GSP,12,2020,16,GSPZ20 D16,Dec 20 London Spot Gold,,,,,,,,1778.20,0,0,,,,11/30/2020
HDG,12,2020,,HDGZ20,U.s. Midwest Domestic Steel Premium (cru) Futures,,,,,,,,185.00,UNCH,0,185.00,,5,11/30/2020
HG,12,2020,,HGZ20,Copper Futures,3.4050,3.4845,,3.4050,,3.4330,A,3.4205,+.0210,2327,3.3995,18760,6205,11/30/2020
HG,01,2021,,HGF21,Copper Futures,3.4100,3.4910,,3.4065,,3.4400,A,3.4270,+.0205,1221,3.4065,2163,4113,11/30/2020
HG,02,2021,,HGG21,Copper Futures,3.4210,3.4915,,3.4210,,3.4380,A,3.4335,+.0215,106,3.4120,651,1657,11/30/2020
HG,03,2021,,HGH21,Copper Futures,3.4180,3.5050,,3.4170,,3.4505,,3.4380,+.0205,101117,3.4175,91788,165137,11/30/2020
HG,04,2021,,HGJ21,Copper Futures,3.4880,3.4880,,3.4385,,3.4545,B,3.4410,+.0215,30,3.4195,453,775,11/30/2020
HG,05,2021,,HGK21,Copper Futures,3.4250,3.5075,,3.4210,,3.4555,A,3.4430,+.0220,5106,3.4210,5074,27583,11/30/2020
HG,06,2021,,HGM21,Copper Futures,3.4360,3.5090,,3.4360,,3.4435,A,3.4450,+.0225,2,3.4225,13,257,11/30/2020
HG,07,2021,,HGN21,Copper Futures,3.4320,3.5075,,3.4320,,3.4570,A,3.4445,+.0220,2199,3.4225,1598,21504,11/30/2020
HG,08,2021,,HGQ21,Copper Futures,,,,,,3.5060,B,3.4445,+.0215,0,3.4230,,207,11/30/2020
HG,09,2021,,HGU21,Copper Futures,3.4310,3.5065,,3.4310,,3.4485,A,3.4445,+.0220,923,3.4225,427,5421,11/30/2020
HG,10,2021,,HGV21,Copper Futures,,3.4765,B,,,3.5045,B,3.4450,+.0220,0,3.4230,,158,11/30/2020
HG,11,2021,,HGX21,Copper Futures,,3.5010,B,,,3.5025,B,3.4445,+.0225,0,3.4220,1,225,11/30/2020
HG,12,2021,,HGZ21,Copper Futures,3.4245,3.4995,,3.4245,,3.4420,A,3.4435,+.0220,250,3.4215,103,3291,11/30/2020
HG,01,2022,,HGF22,Copper Futures,,3.4760,B,,,3.4995,B,3.4440,+.0215,0,3.4225,,62,11/30/2020
HG,02,2022,,HGG22,Copper Futures,,3.4760,B,,,3.4960,B,3.4445,+.0220,8,3.4225,,33,11/30/2020
HG,03,2022,,HGH22,Copper Futures,3.5000,3.5000,,3.4430,,3.4440,A,3.4435,+.0225,47,3.4210,3,414,11/30/2020
HG,04,2022,,HGJ22,Copper Futures,,3.4710,B,,,3.4710,B,3.4465,+.0225,0,3.4240,,6,11/30/2020
HG,05,2022,,HGK22,Copper Futures,,3.4735,B,,,3.5020,B,3.4450,+.0225,0,3.4225,,91,11/30/2020
HG,06,2022,,HGM22,Copper Futures,,,,,,3.4685,B,3.4475,+.0225,0,3.4250,,89,11/30/2020
HG,07,2022,,HGN22,Copper Futures,,,,,,3.5010,B,3.4465,+.0225,0,3.4240,,44,11/30/2020
HG,08,2022,,HGQ22,Copper Futures,,,,,,,,3.4480,+.0225,0,3.4255,,2,11/30/2020
HG,09,2022,,HGU22,Copper Futures,,,,,,3.5005,B,3.4485,+.0225,0,3.4260,,55,11/30/2020
HG,10,2022,,HGV22,Copper Futures,,,,,,,,3.4490,+.0225,0,3.4265,,11,11/30/2020
HG,11,2022,,HGX22,Copper Futures,,,,,,,,3.4490,+.0225,0,3.4265,,,11/30/2020
HG,12,2022,,HGZ22,Copper Futures,,,,,,3.4990,B,3.4490,+.0225,4,3.4265,,80,11/30/2020
HG,03,2023,,HGH23,Copper Futures,,,,,,3.4755,B,3.4515,+.0225,0,3.4290,,7,11/30/2020
HG,05,2023,,HGK23,Copper Futures,,,,,,3.4735,B,3.4550,+.0225,0,3.4325,,,11/30/2020
HG,07,2023,,HGN23,Copper Futures,,,,,,,,3.4585,+.0225,0,3.4360,,,11/30/2020
HG,09,2023,,HGU23,Copper Futures,,,,,,,,3.4610,+.0225,0,3.4385,,3,11/30/2020
HG,12,2023,,HGZ23,Copper Futures,,,,,,,,3.4715,+.0225,0,3.4490,,,11/30/2020
HG,03,2024,,HGH24,Copper Futures,,,,,,,,3.4655,+.0225,0,3.4430,,,11/30/2020
HG,05,2024,,HGK24,Copper Futures,,,,,,,,3.4650,+.0225,0,3.4425,,,11/30/2020
HG,07,2024,,HGN24,Copper Futures,,,,,,,,3.4655,+.0225,0,3.4430,,,11/30/2020
HG,09,2024,,HGU24,Copper Futures,,,,,,,,3.4660,+.0225,0,3.4435,,,11/30/2020
HG,12,2024,,HGZ24,Copper Futures,,,,,,,,3.4715,+.0225,0,3.4490,,,11/30/2020
HG,03,2025,,HGH25,Copper Futures,,,,,,,,3.4720,+.0225,0,3.4495,,,11/30/2020
HG,05,2025,,HGK25,Copper Futures,,,,,,,,3.4725,+.0225,0,3.4500,,,11/30/2020
HG,07,2025,,HGN25,Copper Futures,,,,,,,,3.4730,+.0225,0,3.4505,,,11/30/2020
HG,09,2025,,HGU25,Copper Futures,,,,,,,,3.4735,+.0225,0,3.4510,,,11/30/2020
HG,12,2025,,HGZ25,Copper Futures,,,,,,,,3.4775,+.0225,0,3.4550,,,11/30/2020
HG0,12,2020,,HG0Z20,Copper Spot Tas,.0000,.0000,,.0000,,.0000,,.0000,UNCH,594,.0000,,,11/30/2020
HGF,03,2021,,HGFH21,Copper London Tam,,,,,,,,.0000,UNCH,0,.0000,,,11/30/2020
HGK,03,2021,,HGKH21,Copper London Marker,,,,,,,,3.4950,+.0930,0,3.4020,,,11/30/2020
HGS,11,2020,,HGSX20,Copper Financial Futures,,,,,,,,3.2034,+.0011,0,3.2023,,940,11/30/2020
HGS,12,2020,,HGSZ20,Copper Financial Futures,,,,,,,,3.4211,+.0210,0,3.4001,,1236,11/30/2020
HGS,01,2021,,HGSF21,Copper Financial Futures,,,,,,,,3.4277,+.0206,0,3.4071,,802,11/30/2020
HGS,02,2021,,HGSG21,Copper Financial Futures,,,,,,,,3.4340,+.0214,0,3.4126,,1487,11/30/2020
HGS,03,2021,,HGSH21,Copper Financial Futures,,,,,,,,3.4383,+.0206,0,3.4177,,1321,11/30/2020
HGS,04,2021,,HGSJ21,Copper Financial Futures,,,,,,,,3.4412,+.0216,0,3.4196,,1052,11/30/2020
HGS,05,2021,,HGSK21,Copper Financial Futures,,,,,,,,3.4432,+.0220,0,3.4212,,878,11/30/2020
HGS,06,2021,,HGSM21,Copper Financial Futures,,,,,,,,3.4450,+.0225,0,3.4225,,876,11/30/2020
HGS,07,2021,,HGSN21,Copper Financial Futures,,,,,,,,3.4445,+.0220,0,3.4225,,876,11/30/2020
HGS,08,2021,,HGSQ21,Copper Financial Futures,,,,,,,,3.4445,+.0215,0,3.4230,,1008,11/30/2020
HGS,09,2021,,HGSU21,Copper Financial Futures,,,,,,,,3.4445,+.0220,0,3.4225,,1008,11/30/2020
HGS,10,2021,,HGSV21,Copper Financial Futures,,,,,,,,3.4450,+.0221,0,3.4229,,1008,11/30/2020
HGS,11,2021,,HGSX21,Copper Financial Futures,,,,,,,,3.4444,+.0224,0,3.4220,,1008,11/30/2020
HGS,12,2021,,HGSZ21,Copper Financial Futures,,,,,,,,3.4435,+.0219,0,3.4216,,1008,11/30/2020
HGS,01,2022,,HGSF22,Copper Financial Futures,,,,,,,,3.4441,+.0216,0,3.4225,,924,11/30/2020
HGS,02,2022,,HGSG22,Copper Financial Futures,,,,,,,,3.4444,+.0221,0,3.4223,,187,11/30/2020
HGS,03,2022,,HGSH22,Copper Financial Futures,,,,,,,,3.4438,+.0225,0,3.4213,,187,11/30/2020
HGS,04,2022,,HGSJ22,Copper Financial Futures,,,,,,,,3.4464,+.0225,0,3.4239,,187,11/30/2020
HGS,05,2022,,HGSK22,Copper Financial Futures,,,,,,,,3.4452,+.0225,0,3.4227,,187,11/30/2020
HGS,06,2022,,HGSM22,Copper Financial Futures,,,,,,,,3.4474,+.0225,0,3.4249,,99,11/30/2020
HGS,07,2022,,HGSN22,Copper Financial Futures,,,,,,,,3.4467,+.0225,0,3.4242,,187,11/30/2020
HGS,08,2022,,HGSQ22,Copper Financial Futures,,,,,,,,3.4480,+.0225,0,3.4255,,11,11/30/2020
HGS,09,2022,,HGSU22,Copper Financial Futures,,,,,,,,3.4485,+.0225,0,3.4260,,11,11/30/2020
HGS,12,2022,,HGSZ22,Copper Financial Futures,,,,,,,,3.4490,+.0225,0,3.4265,,33,11/30/2020
HGS,03,2023,,HGSH23,Copper Financial Futures,,,,,,,,3.4515,+.0225,0,3.4290,,,11/30/2020
HGS,05,2023,,HGSK23,Copper Financial Futures,,,,,,,,3.4550,+.0225,0,3.4325,,,11/30/2020
HGS,07,2023,,HGSN23,Copper Financial Futures,,,,,,,,3.4585,+.0225,0,3.4360,,,11/30/2020
HGS,09,2023,,HGSU23,Copper Financial Futures,,,,,,,,3.4610,+.0225,0,3.4385,,,11/30/2020
HGS,12,2023,,HGSZ23,Copper Financial Futures,,,,,,,,3.4715,+.0225,0,3.4490,,,11/30/2020
HGS,03,2024,,HGSH24,Copper Financial Futures,,,,,,,,3.4655,+.0225,0,3.4430,,,11/30/2020
HGS,05,2024,,HGSK24,Copper Financial Futures,,,,,,,,3.4650,+.0225,0,3.4425,,,11/30/2020
HGS,07,2024,,HGSN24,Copper Financial Futures,,,,,,,,3.4655,+.0225,0,3.4430,,,11/30/2020
HGS,09,2024,,HGSU24,Copper Financial Futures,,,,,,,,3.4660,+.0225,0,3.4435,,,11/30/2020
HGS,12,2024,,HGSZ24,Copper Financial Futures,,,,,,,,3.4715,+.0225,0,3.4490,,,11/30/2020
HGS,03,2025,,HGSH25,Copper Financial Futures,,,,,,,,3.4720,+.0225,0,3.4495,,,11/30/2020
HGS,05,2025,,HGSK25,Copper Financial Futures,,,,,,,,3.4725,+.0225,0,3.4500,,,11/30/2020
HGS,07,2025,,HGSN25,Copper Financial Futures,,,,,,,,3.4730,+.0225,0,3.4505,,,11/30/2020
HGS,09,2025,,HGSU25,Copper Financial Futures,,,,,,,,3.4735,+.0225,0,3.4510,,,11/30/2020
HGT,03,2021,,HGTH21,Copper Tas Futures,.0000,.0000,,-.0005,,-.0005,,.0000,UNCH,2559,.0000,,,11/30/2020
HGT,05,2021,,HGTK21,Copper Tas Futures,.0000,.0000,,.0000,,.0000,,.0000,UNCH,399,.0000,,,11/30/2020
HGT,07,2021,,HGTN21,Copper Tas Futures,.0000,.0000,,.0000,,.0000,,.0000,UNCH,2,.0000,,,11/30/2020
HGT,09,2021,,HGTU21,Copper Tas Futures,,,,,,,,.0000,UNCH,0,.0000,,,11/30/2020
HRC,12,2020,,HRCZ20,Nymex Steel Futures,795.00,800.00,B,795.00,,800.00,B,800.00,+2.00,8,798.00,8,3103,11/30/2020
HRC,01,2021,,HRCF21,Nymex Steel Futures,841.00,841.00,,839.00,,841.00,,841.00,-2.00,27,843.00,2,3291,11/30/2020
HRC,02,2021,,HRCG21,Nymex Steel Futures,820.00,821.00,,815.00,,817.00,,821.00,-5.00,32,826.00,5,3676,11/30/2020
HRC,03,2021,,HRCH21,Nymex Steel Futures,810.00,813.00,,800.00,,800.00,,799.00,-11.00,43,810.00,1,3388,11/30/2020
HRC,04,2021,,HRCJ21,Nymex Steel Futures,775.00,775.00,,755.00,,770.00,B,770.00,-7.00,2,777.00,3,1253,11/30/2020
HRC,05,2021,,HRCK21,Nymex Steel Futures,752.00,755.00,,739.00,,746.00,,746.00,-4.00,10,750.00,,1133,11/30/2020
HRC,06,2021,,HRCM21,Nymex Steel Futures,742.00,743.00,B,737.00,,738.00,,738.00,UNCH,3,738.00,41,960,11/30/2020
HRC,07,2021,,HRCN21,Nymex Steel Futures,718.00,718.00,,718.00,,718.00,,718.00,-2.00,3,720.00,41,626,11/30/2020
HRC,08,2021,,HRCQ21,Nymex Steel Futures,683.00,683.00,,682.00,,682.00,,682.00,+3.00,2,679.00,40,497,11/30/2020
HRC,09,2021,,HRCU21,Nymex Steel Futures,660.00,660.00,,648.00,,650.00,B,650.00,+6.00,9,644.00,40,571,11/30/2020
HRC,10,2021,,HRCV21,Nymex Steel Futures,628.00,629.00,,623.00,,628.00,,626.00,-1.00,19,627.00,24,614,11/30/2020
HRC,11,2021,,HRCX21,Nymex Steel Futures,619.00,622.00,,619.00,,622.00,,622.00,+2.00,2,620.00,,445,11/30/2020
HRC,12,2021,,HRCZ21,Nymex Steel Futures,,,,,,,,618.00,UNCH,0,618.00,,431,11/30/2020
HRC,01,2022,,HRCF22,Nymex Steel Futures,,600.00,B,,,600.00,B,595.00,UNCH,0,595.00,,13,11/30/2020
HRC,02,2022,,HRCG22,Nymex Steel Futures,,,,,,600.00,B,,0,0,,,,11/30/2020
HRC,03,2022,,HRCH22,Nymex Steel Futures,,,,,,600.00,B,,0,0,,,,11/30/2020
HRC,04,2022,,HRCJ22,Nymex Steel Futures,,,,,,600.00,B,,0,0,,,,11/30/2020
HRC,05,2022,,HRCK22,Nymex Steel Futures,,600.00,B,,,600.00,B,595.00,UNCH,0,595.00,,1,11/30/2020
HRC,06,2022,,HRCM22,Nymex Steel Futures,,,,,,600.00,B,,0,0,,,,11/30/2020
HRC,04,2023,,HRCJ23,Nymex Steel Futures,,,,,,,,,UNCH,0,550.00,,,11/30/2020
LED,12,2020,,LEDZ20,Lead Futures,,,,,,,,2348.50,UNCH,0,2348.50,,,11/30/2020
LED,01,2021,,LEDF21,Lead Futures,,,,,,,,2348.50,UNCH,0,2348.50,,,11/30/2020
LED,02,2021,,LEDG21,Lead Futures,,,,,,,,2348.50,UNCH,0,2348.50,,,11/30/2020
LED,03,2021,,LEDH21,Lead Futures,,,,,,,,2348.50,UNCH,0,2348.50,,,11/30/2020
LED,04,2021,,LEDJ21,Lead Futures,,,,,,,,2348.50,UNCH,0,2348.50,,,11/30/2020
LED,05,2021,,LEDK21,Lead Futures,,,,,,,,2348.50,UNCH,0,2348.50,,,11/30/2020
LED,06,2021,,LEDM21,Lead Futures,,,,,,,,2348.50,UNCH,0,2348.50,,,11/30/2020
LED,07,2021,,LEDN21,Lead Futures,,,,,,,,2348.50,UNCH,0,2348.50,,,11/30/2020
LED,08,2021,,LEDQ21,Lead Futures,,,,,,,,2348.50,UNCH,0,2348.50,,,11/30/2020
LED,09,2021,,LEDU21,Lead Futures,,,,,,,,2348.50,UNCH,0,2348.50,,,11/30/2020
LED,10,2021,,LEDV21,Lead Futures,,,,,,,,2348.50,UNCH,0,2348.50,,,11/30/2020
LED,11,2021,,LEDX21,Lead Futures,,,,,,,,2348.50,UNCH,0,2348.50,,,11/30/2020
MGC,12,2020,,MGCZ20,Micro Gold Futures,1784.8,1787.1,,1763.0,,1779.5,B,1775.7,-6.2,422,1781.9,12112,6485,11/30/2020
MGC,02,2021,,MGCG21,Micro Gold Futures,1790.5,1793.2,,1767.3,,1780.0,,1780.9,-7.2,65549,1788.1,88286,17483,11/30/2020
MGC,04,2021,,MGCJ21,Micro Gold Futures,1794.0,1796.8,,1772.0,,1783.6,A,1784.8,-7.3,547,1792.1,546,1566,11/30/2020
MGC,06,2021,,MGCM21,Micro Gold Futures,1797.5,1797.5,,1775.0,,1785.6,A,1787.6,-7.4,103,1795.0,241,4191,11/30/2020
MGC,08,2021,,MGCQ21,Micro Gold Futures,1788.0,1791.9,,1786.0,,1796.4,B,1790.2,-7.3,13,1797.5,26,234,11/30/2020
MGC,10,2021,,MGCV21,Micro Gold Futures,1791.0,1794.8,,1788.2,,1790.3,A,1792.3,-7.5,7,1799.8,9,103,11/30/2020
MGC,12,2021,,MGCZ21,Micro Gold Futures,1798.0,1800.3,,1783.0,,1794.0,B,1794.7,-7.6,20,1802.3,48,227,11/30/2020
MGC,02,2022,,MGCG22,Micro Gold Futures,1790.0,1790.0,,1790.0,,1787.7,A,1797.2,-7.6,1,1804.8,2,41,11/30/2020
MGC,04,2022,,MGCJ22,Micro Gold Futures,,,,,,1807.8,B,1800.1,-7.6,0,1807.7,,6,11/30/2020
MGC,06,2022,,MGCM22,Micro Gold Futures,1820.0,1820.0,,1792.0,,1803.9,B,1805.7,-7.6,2,1813.3,2,21,11/30/2020
MGC,08,2022,,MGCQ22,Micro Gold Futures,1812.5,1812.5,,1812.5,,1806.1,A,1807.2,-7.6,1,1814.8,10,9,11/30/2020
MGC,10,2022,,MGCV22,Micro Gold Futures,1815.0,1816.0,,1797.0,A,1806.2,B,1810.9,-7.6,4,1818.5,,,11/30/2020
MGT,02,2021,,MGTG21,Micro Gold Tas,,,,,,,,.0,UNCH,0,.0,,,11/30/2020
MGT,04,2021,,MGTJ21,Micro Gold Tas,,,,,,,,.0,UNCH,0,.0,,,11/30/2020
MGT,06,2021,,MGTM21,Micro Gold Tas,,,,,,,,.0,UNCH,0,.0,,,11/30/2020
MJP,11,2020,,MJPX20,Aluminum Japan Premium (platts) Futures,,,,,,,,95.58,UNCH,0,95.58,,585,11/30/2020
MJP,12,2020,,MJPZ20,Aluminum Japan Premium (platts) Futures,,,,,,,,102.00,UNCH,0,102.00,,485,11/30/2020
MJP,01,2021,,MJPF21,Aluminum Japan Premium (platts) Futures,,,,,,,,109.00,UNCH,0,109.00,10,250,11/30/2020
MJP,02,2021,,MJPG21,Aluminum Japan Premium (platts) Futures,,,,,,,,109.00,UNCH,0,109.00,10,250,11/30/2020
MJP,03,2021,,MJPH21,Aluminum Japan Premium (platts) Futures,,,,,,,,109.00,UNCH,0,109.00,10,250,11/30/2020
MJP,04,2021,,MJPJ21,Aluminum Japan Premium (platts) Futures,,,,,,,,109.00,UNCH,0,109.00,10,230,11/30/2020
MJP,05,2021,,MJPK21,Aluminum Japan Premium (platts) Futures,,,,,,,,109.00,UNCH,0,109.00,10,230,11/30/2020
MJP,06,2021,,MJPM21,Aluminum Japan Premium (platts) Futures,,,,,,,,109.00,UNCH,0,109.00,10,230,11/30/2020
MJP,07,2021,,MJPN21,Aluminum Japan Premium (platts) Futures,,,,,,,,109.00,UNCH,0,109.00,,220,11/30/2020
MJP,08,2021,,MJPQ21,Aluminum Japan Premium (platts) Futures,,,,,,,,109.00,UNCH,0,109.00,,220,11/30/2020
MJP,09,2021,,MJPU21,Aluminum Japan Premium (platts) Futures,,,,,,,,109.00,UNCH,0,109.00,,220,11/30/2020
MJP,10,2021,,MJPV21,Aluminum Japan Premium (platts) Futures,,,,,,,,109.00,UNCH,0,109.00,,220,11/30/2020
MJP,11,2021,,MJPX21,Aluminum Japan Premium (platts) Futures,,,,,,,,109.00,UNCH,0,109.00,,220,11/30/2020
MJP,12,2021,,MJPZ21,Aluminum Japan Premium (platts) Futures,,,,,,,,109.00,UNCH,0,109.00,,220,11/30/2020
QC,01,2021,,QCF21,E-mini Copper Futures,3.4540,3.5000,,3.4060,,3.4280,,3.4280,+.0220,32,3.4060,2,2,11/30/2020
QC,02,2021,,QCG21,E-mini Copper Futures,3.4800,3.4800,,3.4260,,3.4260,,3.4340,+.0220,4,3.4120,,4,11/30/2020
QC,03,2021,,QCH21,E-mini Copper Futures,3.4240,3.5040,B,3.4240,,3.4520,B,3.4380,+.0200,153,3.4180,78,249,11/30/2020
QC,04,2021,,QCJ21,E-mini Copper Futures,3.5000,3.5000,,3.5000,,3.4520,A,3.4420,+.0220,1,3.4200,,,11/30/2020
QC,05,2021,,QCK21,E-mini Copper Futures,,,,,,3.5000,B,3.4440,+.0220,0,3.4220,,,11/30/2020
QC,06,2021,,QCM21,E-mini Copper Futures,,,,,,3.4800,B,3.4460,+.0240,0,3.4220,,,11/30/2020
QC,07,2021,,QCN21,E-mini Copper Futures,,,,,,3.4740,B,3.4440,+.0220,0,3.4220,,,11/30/2020
QC,08,2021,,QCQ21,E-mini Copper Futures,,,,,,,,3.4440,+.0200,0,3.4240,,,11/30/2020
QC,09,2021,,QCU21,E-mini Copper Futures,,,,,,3.4740,B,3.4440,+.0220,0,3.4220,,,11/30/2020
QC,10,2021,,QCV21,E-mini Copper Futures,,,,,,,,3.4460,+.0220,0,3.4240,,,11/30/2020
QC,11,2021,,QCX21,E-mini Copper Futures,,,,,,,,3.4440,+.0220,0,3.4220,,,11/30/2020
QC,12,2021,,QCZ21,E-mini Copper Futures,,,,,,3.4740,B,3.4440,+.0220,0,3.4220,,,11/30/2020
QC,01,2022,,QCF22,E-mini Copper Futures,,,,,,,,3.4440,+.0220,0,3.4220,,,11/30/2020
QC,02,2022,,QCG22,E-mini Copper Futures,,,,,,,,3.4440,+.0220,0,3.4220,,,11/30/2020
QC,03,2022,,QCH22,E-mini Copper Futures,,,,,,,,3.4440,+.0220,0,3.4220,,,11/30/2020
QC,04,2022,,QCJ22,E-mini Copper Futures,,,,,,,,3.4460,+.0220,0,3.4240,,,11/30/2020
QC,05,2022,,QCK22,E-mini Copper Futures,,,,,,,,3.4460,+.0240,0,3.4220,,,11/30/2020
QC,06,2022,,QCM22,E-mini Copper Futures,,,,,,,,3.4480,+.0220,0,3.4260,,,11/30/2020
QC,07,2022,,QCN22,E-mini Copper Futures,,,,,,,,3.4460,+.0220,0,3.4240,,,11/30/2020
QC,08,2022,,QCQ22,E-mini Copper Futures,,,,,,,,3.4480,+.0220,0,3.4260,,,11/30/2020
QC,09,2022,,QCU22,E-mini Copper Futures,,,,,,,,3.4480,+.0220,0,3.4260,,,11/30/2020
QC,10,2022,,QCV22,E-mini Copper Futures,,,,,,,,3.4500,+.0240,0,3.4260,,,11/30/2020
QC,11,2022,,QCX22,E-mini Copper Futures,,,,,,,,3.4500,+.0240,0,3.4260,,,11/30/2020
QC,12,2022,,QCZ22,E-mini Copper Futures,,,,,,,,3.4500,+.0240,0,3.4260,,,11/30/2020
QC,03,2023,,QCH23,E-mini Copper Futures,,,,,,,,3.4520,+.0220,0,3.4300,,,11/30/2020
QC,05,2023,,QCK23,E-mini Copper Futures,,,,,,,,3.4560,+.0240,0,3.4320,,,11/30/2020
QC,07,2023,,QCN23,E-mini Copper Futures,,,,,,,,3.4580,+.0220,0,3.4360,,,11/30/2020
QC,09,2023,,QCU23,E-mini Copper Futures,,,,,,,,3.4620,+.0240,0,3.4380,,,11/30/2020
QC,12,2023,,QCZ23,E-mini Copper Futures,,,,,,,,3.4720,+.0220,0,3.4500,,,11/30/2020
QC,03,2024,,QCH24,E-mini Copper Futures,,,,,,,,3.4660,+.0220,0,3.4440,,,11/30/2020
QC,05,2024,,QCK24,E-mini Copper Futures,,,,,,,,3.4660,+.0240,0,3.4420,,,11/30/2020
QC,07,2024,,QCN24,E-mini Copper Futures,,,,,,,,3.4660,+.0220,0,3.4440,,,11/30/2020
QC,09,2024,,QCU24,E-mini Copper Futures,,,,,,,,3.4660,+.0220,0,3.4440,,,11/30/2020
QC,12,2024,,QCZ24,E-mini Copper Futures,,,,,,,,3.4720,+.0220,0,3.4500,,,11/30/2020
QC,03,2025,,QCH25,E-mini Copper Futures,,,,,,,,3.4720,+.0220,0,3.4500,,,11/30/2020
QC,05,2025,,QCK25,E-mini Copper Futures,,,,,,,,3.4720,+.0220,0,3.4500,,,11/30/2020
QC,07,2025,,QCN25,E-mini Copper Futures,,,,,,,,3.4740,+.0240,0,3.4500,,,11/30/2020
QC,09,2025,,QCU25,E-mini Copper Futures,,,,,,,,3.4740,+.0220,0,3.4520,,,11/30/2020
QI,01,2021,,QIF21,E-mini Silver Futures,22.6875,22.7500,,21.9625,,22.6625,A,22.5580,-.0310,40,22.5890,48,169,11/30/2020
QI,03,2021,,QIH21,E-mini Silver Futures,22.7750,22.8125,B,21.9625,,22.7125,,22.5930,-.0460,161,22.6390,163,346,11/30/2020
QI,05,2021,,QIK21,E-mini Silver Futures,22.2500,22.6875,,22.2500,,22.8125,B,22.6610,-.0500,10,22.7110,7,31,11/30/2020
QI,07,2021,,QIN21,E-mini Silver Futures,22.3500,22.5500,,22.3500,,22.8750,B,22.7290,-.0630,6,22.7920,,18,11/30/2020
QI,09,2021,,QIU21,E-mini Silver Futures,,,,,,22.9875,B,22.8000,-.0570,0,22.8570,,13,11/30/2020
QI,12,2021,,QIZ21,E-mini Silver Futures,,,,,,23.1000,B,22.9020,-.0570,2,22.9590,2,13,11/30/2020
QI,01,2022,,QIF22,E-mini Silver Futures,,,,,,23.0625,B,22.9270,-.0570,0,22.9840,,,11/30/2020
QI,03,2022,,QIH22,E-mini Silver Futures,,,,,,23.1250,B,22.9790,-.0570,0,23.0360,,1,11/30/2020
QI,05,2022,,QIK22,E-mini Silver Futures,,,,,,22.7250,A,23.0290,-.0570,0,23.0860,,,11/30/2020
QI,07,2022,,QIN22,E-mini Silver Futures,,,,,,22.8125,A,23.0800,-.0570,0,23.1370,,,11/30/2020
QI,09,2022,,QIU22,E-mini Silver Futures,,,,,,,,23.1030,-.0570,0,23.1600,,,11/30/2020
QO,02,2021,,QOG21,E-mini Gold Futures,1797.75,1797.75,,1767.50,,1779.75,A,1780.90,-7.20,809,1788.10,1590,2327,11/30/2020
QO,04,2021,,QOJ21,E-mini Gold Futures,1780.25,1786.50,,1776.00,,1782.75,A,1784.80,-7.30,6,1792.10,20,92,11/30/2020
QO,06,2021,,QOM21,E-mini Gold Futures,1790.00,1790.00,,1777.50,,1794.00,B,1787.60,-7.40,5,1795.00,5,82,11/30/2020
QO,08,2021,,QOQ21,E-mini Gold Futures,,,,,,1800.75,B,1790.20,-7.30,0,1797.50,,35,11/30/2020
QO,10,2021,,QOV21,E-mini Gold Futures,,,,,,1784.00,A,1792.30,-7.50,0,1799.80,,5,11/30/2020
QO,12,2021,,QOZ21,E-mini Gold Futures,1801.75,1805.50,,1801.75,,1786.25,A,1794.70,-7.60,3,1802.30,7,135,11/30/2020
QO,02,2022,,QOG22,E-mini Gold Futures,,,,,,1794.00,A,1797.20,-7.60,0,1804.80,,4,11/30/2020
QO,04,2022,,QOJ22,E-mini Gold Futures,,,,,,,,1800.10,-7.60,0,1807.70,,,11/30/2020
QO,06,2022,,QOM22,E-mini Gold Futures,,,,,,1809.50,A,1805.70,-7.60,0,1813.30,,,11/30/2020
QO,08,2022,,QOQ22,E-mini Gold Futures,,,,,,1803.50,A,1807.20,-7.60,0,1814.80,,,11/30/2020
QO,10,2022,,QOV22,E-mini Gold Futures,,,,,,1807.00,A,1810.90,-7.60,0,1818.50,,,11/30/2020
SGC,12,2020,,SGCZ20,Shanghai Gold (cnh) Futures,,,,374.00,A,374.00,A,378.15,UNCH,0,378.15,2,104,11/30/2020
SGC,01,2021,,SGCF21,Shanghai Gold (cnh) Futures,,,,,,,,379.15,UNCH,0,379.15,,,11/30/2020
SGC,02,2021,,SGCG21,Shanghai Gold (cnh) Futures,,,,371.40,A,371.40,A,380.15,UNCH,0,380.15,,57,11/30/2020
SGC,04,2021,,SGCJ21,Shanghai Gold (cnh) Futures,,,,,,374.40,A,382.15,UNCH,0,382.15,,,11/30/2020
SGC,06,2021,,SGCM21,Shanghai Gold (cnh) Futures,,,,,,376.40,A,384.15,UNCH,0,384.15,2,56,11/30/2020
SGC,08,2021,,SGCQ21,Shanghai Gold (cnh) Futures,,,,,,,,384.15,UNCH,0,384.15,,,11/30/2020
SGC,10,2021,,SGCV21,Shanghai Gold (cnh) Futures,,,,,,,,384.15,UNCH,0,384.15,,,11/30/2020
SGU,12,2020,,SGUZ20,Shanghai Gold (usd) Futures,,,,,,,,1781.20,UNCH,0,1781.20,,293,11/30/2020
SGU,01,2021,,SGUF21,Shanghai Gold (usd) Futures,,,,,,,,1784.10,UNCH,0,1784.10,,,11/30/2020
SGU,02,2021,,SGUG21,Shanghai Gold (usd) Futures,,,,1770.30,A,1770.30,A,1787.00,UNCH,0,1787.00,,54,11/30/2020
SGU,04,2021,,SGUJ21,Shanghai Gold (usd) Futures,,,,,,1786.30,A,1807.00,UNCH,0,1807.00,,,11/30/2020
SGU,06,2021,,SGUM21,Shanghai Gold (usd) Futures,,,,,,1803.20,A,1824.20,UNCH,0,1824.20,,56,11/30/2020
SGU,08,2021,,SGUQ21,Shanghai Gold (usd) Futures,,,,,,,,1844.20,UNCH,0,1844.20,,,11/30/2020
SGU,10,2021,,SGUV21,Shanghai Gold (usd) Futures,,,,,,,,1864.20,UNCH,0,1864.20,,,11/30/2020
SI,12,2020,,SIZ20,Silver Futures,22.740,22.740,,22.000,A,22.665,B,22.534,-.019,1577,22.553,18893,9444,11/30/2020
SI,01,2021,,SIF21,Silver Futures,22.740,22.750,,21.925,,22.685,B,22.558,-.031,858,22.589,1536,839,11/30/2020
SI,02,2021,,SIG21,Silver Futures,22.745,22.745,,22.230,,22.745,B,22.583,-.031,77,22.614,,,11/30/2020
SI,03,2021,,SIH21,Silver Futures,22.780,22.830,,21.960,,22.720,,22.593,-.046,93596,22.639,94529,123904,11/30/2020
SI,05,2021,,SIK21,Silver Futures,22.825,22.895,,22.040,A,22.790,B,22.661,-.050,1523,22.711,1142,10652,11/30/2020
SI,07,2021,,SIN21,Silver Futures,22.305,22.900,B,22.200,A,22.820,A,22.729,-.063,578,22.792,373,4941,11/30/2020
SI,09,2021,,SIU21,Silver Futures,22.625,22.950,B,22.275,A,22.895,A,22.800,-.057,255,22.857,82,1777,11/30/2020
SI,12,2021,,SIZ21,Silver Futures,23.125,23.125,,22.300,,22.895,A,22.902,-.057,116,22.959,171,1698,11/30/2020
SI,01,2022,,SIF22,Silver Futures,,,,,,23.130,B,22.927,-.057,0,22.984,,2,11/30/2020
SI,03,2022,,SIH22,Silver Futures,,,,,,23.210,B,22.979,-.057,0,23.036,,9,11/30/2020
SI,05,2022,,SIK22,Silver Futures,,,,,,23.185,B,23.029,-.057,0,23.086,,4,11/30/2020
SI,07,2022,,SIN22,Silver Futures,,,,,,23.220,B,23.080,-.057,0,23.137,,20,11/30/2020
SI,09,2022,,SIU22,Silver Futures,,,,,,23.240,B,23.103,-.057,0,23.160,,,11/30/2020
SI,12,2022,,SIZ22,Silver Futures,,,,,,23.395,B,23.194,-.057,0,23.251,,50,11/30/2020
SI,07,2023,,SIN23,Silver Futures,,,,,,,,23.354,-.057,0,23.411,,5,11/30/2020
SI,12,2023,,SIZ23,Silver Futures,,,,,,,,23.464,-.057,0,23.521,,1,11/30/2020
SI,07,2024,,SIN24,Silver Futures,,,,,,,,23.625,-.057,0,23.682,,2,11/30/2020
SI,12,2024,,SIZ24,Silver Futures,,,,,,,,23.735,-.057,0,23.792,,,11/30/2020
SI,07,2025,,SIN25,Silver Futures,,,,,,,,23.835,-.057,0,23.892,,,11/30/2020
SIL,12,2020,,SILZ20,Micro Silver Futures,22.740,22.750,,22.010,,22.630,A,22.534,-.019,74,22.553,2061,738,11/30/2020
SIL,01,2021,,SILF21,Micro Silver Futures,22.760,22.770,,21.945,,22.685,B,22.558,-.031,312,22.589,438,914,11/30/2020
SIL,02,2021,,SILG21,Micro Silver Futures,22.105,22.645,,22.105,,22.725,B,22.583,-.031,4,22.614,,,11/30/2020
SIL,03,2021,,SILH21,Micro Silver Futures,22.785,22.820,,21.955,,22.715,,22.593,-.046,11100,22.639,8995,2588,11/30/2020
SIL,05,2021,,SILK21,Micro Silver Futures,22.245,22.810,,22.230,,22.735,A,22.661,-.050,16,22.711,26,137,11/30/2020
SIL,07,2021,,SILN21,Micro Silver Futures,22.810,22.810,,22.270,,22.885,B,22.729,-.063,12,22.792,12,144,11/30/2020
SIL,09,2021,,SILU21,Micro Silver Futures,22.400,22.700,,22.400,,22.955,B,22.800,-.057,4,22.857,2,18,11/30/2020
SIT,03,2021,,SITH21,Silver Tas Futures,.000,.003,B,-.008,,-.008,,.000,UNCH,653,.000,,,11/30/2020
SIT,05,2021,,SITK21,Silver Tas Futures,.000,.000,,.000,,.000,,.000,UNCH,4,.000,,,11/30/2020
SIT,07,2021,,SITN21,Silver Tas Futures,,,,,,,,.000,UNCH,0,.000,,,11/30/2020
SIT,09,2021,,SITU21,Silver Tas Futures,,,,,,,,.000,UNCH,0,.000,,,11/30/2020
SIT,12,2021,,SITZ21,Silver Tas Futures,,,,,,,,.000,UNCH,0,.000,,,11/30/2020
SSP,12,2020,02,SSPZ20 D02,Dec 20 London Spot Silver,,,,,,,,22.510,-.670,0,23.180,,,11/30/2020
SSP,12,2020,03,SSPZ20 D03,Dec 20 London Spot Silver,,,,,,,,22.510,-.670,0,23.180,,,11/30/2020
SSP,12,2020,04,SSPZ20 D04,Dec 20 London Spot Silver,,,,,,,,22.510,-.670,0,23.180,,,11/30/2020
SSP,12,2020,07,SSPZ20 D07,Dec 20 London Spot Silver,,,,,,,,22.510,-.670,0,23.180,,,11/30/2020
SSP,12,2020,08,SSPZ20 D08,Dec 20 London Spot Silver,,,,,,,,22.510,-.670,0,23.180,,,11/30/2020
SSP,12,2020,09,SSPZ20 D09,Dec 20 London Spot Silver,,,,,,,,22.510,-.670,0,23.180,,,11/30/2020
SSP,12,2020,10,SSPZ20 D10,Dec 20 London Spot Silver,,,,,,,,22.510,-.670,0,23.180,,,11/30/2020
SSP,12,2020,11,SSPZ20 D11,Dec 20 London Spot Silver,,,,,,,,22.510,-.670,0,23.180,,,11/30/2020
SSP,12,2020,14,SSPZ20 D14,Dec 20 London Spot Silver,,,,,,,,22.510,-.670,0,23.180,,,11/30/2020
SSP,12,2020,15,SSPZ20 D15,Dec 20 London Spot Silver,,,,,,,,22.510,0,0,,,,11/30/2020
SSP,12,2020,16,SSPZ20 D16,Dec 20 London Spot Silver,,,,,,,,22.510,0,0,,,,11/30/2020
TIO,11,2020,,TIOX20,Iron Ore 62% Fes Cfr China (tsi) Futures,,,,,,,,124.62,+.37,0,124.25,,358,11/30/2020
TIO,12,2020,,TIOZ20,Iron Ore 62% Fes Cfr China (tsi) Futures,,,,,,,,129.31,+1.68,0,127.63,,453,11/30/2020
TIO,01,2021,,TIOF21,Iron Ore 62% Fes Cfr China (tsi) Futures,,,,,,,,126.06,+1.44,0,124.62,10,617,11/30/2020
TIO,02,2021,,TIOG21,Iron Ore 62% Fes Cfr China (tsi) Futures,,,,,,,,123.01,+1.51,0,121.50,,147,11/30/2020
TIO,03,2021,,TIOH21,Iron Ore 62% Fes Cfr China (tsi) Futures,,,,,,,,120.11,+1.36,0,118.75,,88,11/30/2020
TIO,04,2021,,TIOJ21,Iron Ore 62% Fes Cfr China (tsi) Futures,,,,,,,,117.45,+.06,0,117.39,,36,11/30/2020
TIO,05,2021,,TIOK21,Iron Ore 62% Fes Cfr China (tsi) Futures,,,,,,,,115.06,+1.17,0,113.89,,36,11/30/2020
TIO,06,2021,,TIOM21,Iron Ore 62% Fes Cfr China (tsi) Futures,,,,,,,,112.82,+1.15,0,111.67,,36,11/30/2020
TIO,07,2021,,TION21,Iron Ore 62% Fes Cfr China (tsi) Futures,,,,,,,,110.61,+1.03,0,109.58,,28,11/30/2020
TIO,08,2021,,TIOQ21,Iron Ore 62% Fes Cfr China (tsi) Futures,,,,,,,,108.57,+.99,0,107.58,,28,11/30/2020
TIO,09,2021,,TIOU21,Iron Ore 62% Fes Cfr China (tsi) Futures,,,,,,,,106.62,+.93,0,105.69,,28,11/30/2020
TIO,10,2021,,TIOV21,Iron Ore 62% Fes Cfr China (tsi) Futures,,,,,,,,104.78,+.88,0,103.90,,28,11/30/2020
TIO,11,2021,,TIOX21,Iron Ore 62% Fes Cfr China (tsi) Futures,,,,,,,,103.04,+.94,0,102.10,,28,11/30/2020
TIO,12,2021,,TIOZ21,Iron Ore 62% Fes Cfr China (tsi) Futures,,,,,,,,101.44,+1.14,0,100.30,,28,11/30/2020
UX,12,2020,,UXZ20,Uxc Uranium U3o8 Futures,,37.95,B,,,37.95,B,29.15,-.05,0,29.20,,3,11/30/2020
UX,08,2021,,UXQ21,Uxc Uranium U3o8 Futures,,,,,,,,29.95,-.10,0,30.05,,200,11/30/2020
UX,09,2021,,UXU21,Uxc Uranium U3o8 Futures,,,,,,,,30.10,-.10,0,30.20,,100,11/30/2020
ZNC,12,2020,,ZNCZ20,Zinc Futures,,,,,,,,2297.0,UNCH,0,2297.0,,,11/30/2020
ZNC,01,2021,,ZNCF21,Zinc Futures,,,,,,,,2297.0,UNCH,0,2297.0,,,11/30/2020
ZNC,02,2021,,ZNCG21,Zinc Futures,,,,,,,,2297.0,UNCH,0,2297.0,,,11/30/2020
ZNC,03,2021,,ZNCH21,Zinc Futures,,,,,,,,2297.0,UNCH,0,2297.0,,,11/30/2020
ZNC,04,2021,,ZNCJ21,Zinc Futures,,,,,,,,2297.0,UNCH,0,2297.0,,,11/30/2020
ZNC,05,2021,,ZNCK21,Zinc Futures,,,,,,,,2297.0,UNCH,0,2297.0,,,11/30/2020
ZNC,06,2021,,ZNCM21,Zinc Futures,,,,,,,,2297.0,UNCH,0,2297.0,,,11/30/2020
ZNC,07,2021,,ZNCN21,Zinc Futures,,,,,,,,2297.0,UNCH,0,2297.0,,,11/30/2020
ZNC,08,2021,,ZNCQ21,Zinc Futures,,,,,,,,2297.0,UNCH,0,2297.0,,,11/30/2020
ZNC,09,2021,,ZNCU21,Zinc Futures,,,,,,,,2297.0,UNCH,0,2297.0,,,11/30/2020
ZNC,10,2021,,ZNCV21,Zinc Futures,,,,,,,,2297.0,UNCH,0,2297.0,,,11/30/2020
ZNC,11,2021,,ZNCX21,Zinc Futures,,,,,,,,2297.0,UNCH,0,2297.0,,,11/30/2020